{
  "countries": [
    {
      "name": "Alaska",
      "vertices": [
        {
          "x": 7,
          "y": 73
        },
        {
          "x": 49,
          "y": 36
        },
        {
          "x": 92,
          "y": 37
        },
        {
          "x": 61,
          "y": 61
        }
      ],
      "minX": 99,
      "minY": 100,
      "maxX": 100,
      "maxY": 101,
      "centerCoordinates": {
        "x": 99,
        "y": 100
      },
      "adjacentCountriesIDs": [
        1,
        5,
        31
      ],
      "army": 0
    },
    {
      "name": "Alberta",
      "vertices": [
        {
          "x": 65,
          "y": 61
        },
        {
          "x": 142,
          "y": 61
        },
        {
          "x": 125,
          "y": 92
        },
        {
          "x": 73,
          "y": 92
        }
      ],
      "minX": 99,
      "minY": 100,
      "maxX": 100,
      "maxY": 101,
      "centerCoordinates": {
        "x": 99,
        "y": 100
      },
      "adjacentCountriesIDs": [
        0,
        5,
        6,
        8
      ],
      "army": 0
    },
    {
      "name": "Central America",
      "vertices": [
        {
          "x": 60,
          "y": 142
        },
        {
          "x": 105,
          "y": 153
        },
        {
          "x": 150,
          "y": 213
        }
      ],
      "minX": 99,
      "minY": 100,
      "maxX": 100,
      "maxY": 101,
      "centerCoordinates": {
        "x": 99,
        "y": 100
      },
      "adjacentCountriesIDs": [
        8,
        12,
        3
      ],
      "army": 0
    },
    {
      "name": "Eastern United States",
      "vertices": [
        {
          "x": 92,
          "y": 148
        },
        {
          "x": 98,
          "y": 129
        },
        {
          "x": 124,
          "y": 128
        },
        {
          "x": 128,
          "y": 92
        },
        {
          "x": 161,
          "y": 114
        },
        {
          "x": 189,
          "y": 110
        },
        {
          "x": 150,
          "y": 160
        },
        {
          "x": 104,
          "y": 159
        }
      ],
      "minX": 99,
      "minY": 100,
      "maxX": 100,
      "maxY": 101,
      "centerCoordinates": {
        "x": 99,
        "y": 100
      },
      "adjacentCountriesIDs": [
        8,
        6,
        7,
        2
      ],
      "army": 0
    },
    {
      "name": "Greenland",
      "vertices": [
        {
          "x": 241,
          "y": 15
        },
        {
          "x": 341,
          "y": 9
        },
        {
          "x": 269,
          "y": 62
        },
        {
          "x": 247,
          "y": 18
        }
      ],
      "minX": 99,
      "minY": 100,
      "maxX": 100,
      "maxY": 101,
      "centerCoordinates": {
        "x": 99,
        "y": 100
      },
      "adjacentCountriesIDs": [
        5,
        6,
        7,
        14
      ],
      "army": 0
    },
    {
      "name": "Northwest Territory",
      "vertices": [
        {
          "x": 159,
          "y": 61
        },
        {
          "x": 210,
          "y": 37
        },
        {
          "x": 176,
          "y": 21
        },
        {
          "x": 89,
          "y": 38
        },
        {
          "x": 64,
          "y": 61
        }
      ],
      "minX": 99,
      "minY": 100,
      "maxX": 100,
      "maxY": 101,
      "centerCoordinates": {
        "x": 99,
        "y": 100
      },
      "adjacentCountriesIDs": [
        0,
        4,
        6,
        1
      ],
      "army": 0
    },
    {
      "name": "Ontario",
      "vertices": [
        {
          "x": 141,
          "y": 63
        },
        {
          "x": 157,
          "y": 62
        },
        {
          "x": 177,
          "y": 86
        },
        {
          "x": 168,
          "y": 108
        },
        {
          "x": 142,
          "y": 93
        },
        {
          "x": 125,
          "y": 91
        }
      ],
      "minX": 99,
      "minY": 100,
      "maxX": 100,
      "maxY": 101,
      "centerCoordinates": {
        "x": 99,
        "y": 100
      },
      "adjacentCountriesIDs": [
        5,
        4,
        7,
        3,
        8,
        1
      ],
      "army": 0
    },
    {
      "name": "Quebec",
      "vertices": [
        {
          "x": 203,
          "y": 55
        },
        {
          "x": 237,
          "y": 81
        },
        {
          "x": 190,
          "y": 102
        },
        {
          "x": 175,
          "y": 98
        },
        {
          "x": 182,
          "y": 84
        }
      ],
      "minX": 99,
      "minY": 100,
      "maxX": 100,
      "maxY": 101,
      "centerCoordinates": {
        "x": 99,
        "y": 100
      },
      "adjacentCountriesIDs": [
        6,
        4,
        3
      ],
      "army": 0
    },
    {
      "name": "Western United States",
      "vertices": [
        {
          "x": 70,
          "y": 94
        },
        {
          "x": 125,
          "y": 93
        },
        {
          "x": 99,
          "y": 127
        },
        {
          "x": 95,
          "y": 140
        },
        {
          "x": 72,
          "y": 142
        }
      ],
      "minX": 99,
      "minY": 100,
      "maxX": 100,
      "maxY": 101,
      "centerCoordinates": {
        "x": 99,
        "y": 100
      },
      "adjacentCountriesIDs": [
        1,
        6,
        3,
        2
      ],
      "army": 0
    },
    {
      "name": "Argentina",
      "vertices": [
        {
          "x": 173,
          "y": 292
        },
        {
          "x": 224,
          "y": 335
        },
        {
          "x": 214,
          "y": 398
        },
        {
          "x": 184,
          "y": 373
        }
      ],
      "minX": 99,
      "minY": 100,
      "maxX": 100,
      "maxY": 101,
      "centerCoordinates": {
        "x": 99,
        "y": 100
      },
      "adjacentCountriesIDs": [
        12,
        10,
        11
      ],
      "army": 0
    },
    {
      "name": "Brazil",
      "vertices": [
        {
          "x": 174,
          "y": 234
        },
        {
          "x": 223,
          "y": 233
        },
        {
          "x": 267,
          "y": 253
        },
        {
          "x": 206,
          "y": 280
        },
        {
          "x": 167,
          "y": 263
        }
      ],
      "minX": 99,
      "minY": 100,
      "maxX": 100,
      "maxY": 101,
      "centerCoordinates": {
        "x": 99,
        "y": 100
      },
      "adjacentCountriesIDs": [
        12,
        24,
        9,
        11
      ],
      "army": 0
    },
    {
      "name": "Peru",
      "vertices": [
        {
          "x": 145,
          "y": 233
        },
        {
          "x": 167,
          "y": 245
        },
        {
          "x": 161,
          "y": 255
        },
        {
          "x": 164,
          "y": 263
        },
        {
          "x": 173,
          "y": 268
        },
        {
          "x": 183,
          "y": 266
        },
        {
          "x": 213,
          "y": 309
        },
        {
          "x": 174,
          "y": 289
        },
        {
          "x": 159,
          "y": 280
        },
        {
          "x": 141,
          "y": 250
        },
        {
          "x": 146,
          "y": 234
        }
      ],
      "minX": 99,
      "minY": 100,
      "maxX": 100,
      "maxY": 101,
      "centerCoordinates": {
        "x": 99,
        "y": 100
      },
      "adjacentCountriesIDs": [
        12,
        9,
        10
      ],
      "army": 0
    },
    {
      "name": "Venezuela",
      "vertices": [
        {
          "x": 165,
          "y": 202
        },
        {
          "x": 220,
          "y": 225
        },
        {
          "x": 202,
          "y": 228
        },
        {
          "x": 197,
          "y": 221
        },
        {
          "x": 171,
          "y": 228
        },
        {
          "x": 170,
          "y": 240
        },
        {
          "x": 148,
          "y": 232
        },
        {
          "x": 152,
          "y": 216
        }
      ],
      "minX": 99,
      "minY": 100,
      "maxX": 100,
      "maxY": 101,
      "centerCoordinates": {
        "x": 99,
        "y": 100
      },
      "adjacentCountriesIDs": [
        2,
        11,
        10
      ],
      "army": 0
    },
    {
      "name": "Great Britain",
      "vertices": [
        {
          "x": 339,
          "y": 83
        },
        {
          "x": 359,
          "y": 65
        },
        {
          "x": 368,
          "y": 87
        },
        {
          "x": 348,
          "y": 89
        }
      ],
      "minX": 99,
      "minY": 100,
      "maxX": 100,
      "maxY": 101,
      "centerCoordinates": {
        "x": 99,
        "y": 100
      },
      "adjacentCountriesIDs": [
        14,
        16,
        15,
        19
      ],
      "army": 0
    },
    {
      "name": "Iceland",
      "vertices": [
        {
          "x": 320,
          "y": 45
        },
        {
          "x": 341,
          "y": 44
        },
        {
          "x": 341,
          "y": 53
        },
        {
          "x": 320,
          "y": 55
        }
      ],
      "minX": 99,
      "minY": 100,
      "maxX": 100,
      "maxY": 101,
      "centerCoordinates": {
        "x": 99,
        "y": 100
      },
      "adjacentCountriesIDs": [
        4,
        13,
        16
      ],
      "army": 0
    },
    {
      "name": "Northern Europe",
      "vertices": [
        {
          "x": 385,
          "y": 95
        },
        {
          "x": 407,
          "y": 91
        },
        {
          "x": 406,
          "y": 97
        },
        {
          "x": 412,
          "y": 98
        },
        {
          "x": 418,
          "y": 84
        },
        {
          "x": 414,
          "y": 75
        },
        {
          "x": 388,
          "y": 77
        }
      ],
      "minX": 99,
      "minY": 100,
      "maxX": 100,
      "maxY": 101,
      "centerCoordinates": {
        "x": 99,
        "y": 100
      },
      "adjacentCountriesIDs": [
        13,
        16,
        17,
        18,
        19
      ],
      "army": 0
    },
    {
      "name": "Scandinavia",
      "vertices": [
        {
          "x": 427,
          "y": 34
        },
        {
          "x": 427,
          "y": 59
        },
        {
          "x": 397,
          "y": 73
        },
        {
          "x": 375,
          "y": 60
        },
        {
          "x": 398,
          "y": 39
        }
      ],
      "minX": 99,
      "minY": 100,
      "maxX": 100,
      "maxY": 101,
      "centerCoordinates": {
        "x": 99,
        "y": 100
      },
      "adjacentCountriesIDs": [
        13,
        14,
        15,
        18
      ],
      "army": 0
    },
    {
      "name": "Southern Europe",
      "vertices": [
        {
          "x": 399,
          "y": 96
        },
        {
          "x": 405,
          "y": 101
        },
        {
          "x": 414,
          "y": 102
        },
        {
          "x": 421,
          "y": 98
        },
        {
          "x": 428,
          "y": 97
        },
        {
          "x": 434,
          "y": 105
        },
        {
          "x": 419,
          "y": 123
        },
        {
          "x": 402,
          "y": 121
        },
        {
          "x": 383,
          "y": 106
        },
        {
          "x": 383,
          "y": 96
        }
      ],
      "minX": 99,
      "minY": 100,
      "maxX": 100,
      "maxY": 101,
      "centerCoordinates": {
        "x": 99,
        "y": 100
      },
      "adjacentCountriesIDs": [
        15,
        18,
        19,
        32,
        22,
        24
      ],
      "army": 0
    },
    {
      "name": "Ukraine",
      "vertices": [
        {
          "x": 430,
          "y": 36
        },
        {
          "x": 486,
          "y": 38
        },
        {
          "x": 486,
          "y": 51
        },
        {
          "x": 498,
          "y": 82
        },
        {
          "x": 474,
          "y": 83
        },
        {
          "x": 471,
          "y": 113
        },
        {
          "x": 457,
          "y": 94
        },
        {
          "x": 435,
          "y": 100
        },
        {
          "x": 432,
          "y": 93
        },
        {
          "x": 421,
          "y": 92
        },
        {
          "x": 423,
          "y": 86
        },
        {
          "x": 416,
          "y": 71
        },
        {
          "x": 433,
          "y": 59
        }
      ],
      "minX": 99,
      "minY": 100,
      "maxX": 100,
      "maxY": 101,
      "centerCoordinates": {
        "x": 99,
        "y": 100
      },
      "adjacentCountriesIDs": [
        15,
        16,
        17,
        26,
        36,
        32
      ],
      "army": 0
    },
    {
      "name": "Western Europe",
      "vertices": [
        {
          "x": 337,
          "y": 123
        },
        {
          "x": 340,
          "y": 109
        },
        {
          "x": 355,
          "y": 93
        },
        {
          "x": 370,
          "y": 88
        },
        {
          "x": 379,
          "y": 92
        },
        {
          "x": 379,
          "y": 107
        }
      ],
      "minX": 99,
      "minY": 100,
      "maxX": 100,
      "maxY": 101,
      "centerCoordinates": {
        "x": 99,
        "y": 100
      },
      "adjacentCountriesIDs": [
        13,
        15,
        17,
        24
      ],
      "army": 0
    },
    {
      "name": "Congo",
      "vertices": [
        {
          "x": 388,
          "y": 232
        },
        {
          "x": 407,
          "y": 231
        },
        {
          "x": 401,
          "y": 217
        },
        {
          "x": 422,
          "y": 206
        },
        {
          "x": 432,
          "y": 223
        },
        {
          "x": 453,
          "y": 227
        },
        {
          "x": 441,
          "y": 240
        },
        {
          "x": 440,
          "y": 250
        },
        {
          "x": 436,
          "y": 258
        },
        {
          "x": 437,
          "y": 268
        },
        {
          "x": 423,
          "y": 268
        },
        {
          "x": 395,
          "y": 252
        }
      ],
      "minX": 99,
      "minY": 100,
      "maxX": 100,
      "maxY": 101,
      "centerCoordinates": {
        "x": 99,
        "y": 100
      },
      "adjacentCountriesIDs": [
        21,
        24,
        25
      ],
      "army": 0
    },
    {
      "name": "East Africa",
      "vertices": [
        {
          "x": 428,
          "y": 172
        },
        {
          "x": 458,
          "y": 172
        },
        {
          "x": 482,
          "y": 206
        },
        {
          "x": 499,
          "y": 204
        },
        {
          "x": 468,
          "y": 266
        },
        {
          "x": 454,
          "y": 268
        },
        {
          "x": 443,
          "y": 252
        },
        {
          "x": 457,
          "y": 233
        },
        {
          "x": 423,
          "y": 197
        }
      ],
      "minX": 99,
      "minY": 100,
      "maxX": 100,
      "maxY": 101,
      "centerCoordinates": {
        "x": 99,
        "y": 100
      },
      "adjacentCountriesIDs": [
        20,
        22,
        23,
        24,
        25,
        32
      ],
      "army": 0
    },
    {
      "name": "Egypt",
      "vertices": [
        {
          "x": 391,
          "y": 139
        },
        {
          "x": 418,
          "y": 141
        },
        {
          "x": 444,
          "y": 145
        },
        {
          "x": 428,
          "y": 170
        },
        {
          "x": 389,
          "y": 161
        },
        {
          "x": 392,
          "y": 140
        }
      ],
      "minX": 99,
      "minY": 100,
      "maxX": 100,
      "maxY": 101,
      "centerCoordinates": {
        "x": 99,
        "y": 100
      },
      "adjacentCountriesIDs": [
        21,
        24,
        17,
        32
      ],
      "army": 0
    },
    {
      "name": "Madagascar",
      "vertices": [
        {
          "x": 495,
          "y": 273
        },
        {
          "x": 498,
          "y": 281
        },
        {
          "x": 475,
          "y": 310
        },
        {
          "x": 478,
          "y": 285
        }
      ],
      "minX": 99,
      "minY": 100,
      "maxX": 100,
      "maxY": 101,
      "centerCoordinates": {
        "x": 99,
        "y": 100
      },
      "adjacentCountriesIDs": [
        21,
        25
      ],
      "army": 0
    },
    {
      "name": "North Africa",
      "vertices": [
        {
          "x": 387,
          "y": 132
        },
        {
          "x": 387,
          "y": 163
        },
        {
          "x": 422,
          "y": 180
        },
        {
          "x": 420,
          "y": 201
        },
        {
          "x": 388,
          "y": 222
        },
        {
          "x": 372,
          "y": 215
        },
        {
          "x": 317,
          "y": 197
        },
        {
          "x": 320,
          "y": 170
        },
        {
          "x": 350,
          "y": 133
        }
      ],
      "minX": 99,
      "minY": 100,
      "maxX": 100,
      "maxY": 101,
      "centerCoordinates": {
        "x": 99,
        "y": 100
      },
      "adjacentCountriesIDs": [
        20,
        21,
        22,
        17,
        19,
        10
      ],
      "army": 0
    },
    {
      "name": "South Africa",
      "vertices": [
        {
          "x": 396,
          "y": 256
        },
        {
          "x": 421,
          "y": 270
        },
        {
          "x": 443,
          "y": 276
        },
        {
          "x": 459,
          "y": 290
        },
        {
          "x": 448,
          "y": 321
        },
        {
          "x": 431,
          "y": 337
        },
        {
          "x": 412,
          "y": 337
        },
        {
          "x": 392,
          "y": 286
        }
      ],
      "minX": 99,
      "minY": 100,
      "maxX": 100,
      "maxY": 101,
      "centerCoordinates": {
        "x": 99,
        "y": 100
      },
      "adjacentCountriesIDs": [
        20,
        21,
        23
      ],
      "army": 0
    },
    {
      "name": "Afghanistan",
      "vertices": [
        {
          "x": 478,
          "y": 91
        },
        {
          "x": 508,
          "y": 90
        },
        {
          "x": 510,
          "y": 80
        },
        {
          "x": 523,
          "y": 77
        },
        {
          "x": 541,
          "y": 80
        },
        {
          "x": 561,
          "y": 99
        },
        {
          "x": 501,
          "y": 122
        }
      ],
      "minX": 99,
      "minY": 100,
      "maxX": 100,
      "maxY": 101,
      "centerCoordinates": {
        "x": 99,
        "y": 100
      },
      "adjacentCountriesIDs": [
        27,
        28,
        32,
        36,
        18
      ],
      "army": 0
    },
    {
      "name": "China",
      "vertices": [
        {
          "x": 573,
          "y": 97
        },
        {
          "x": 610,
          "y": 123
        },
        {
          "x": 638,
          "y": 126
        },
        {
          "x": 656,
          "y": 115
        },
        {
          "x": 680,
          "y": 153
        },
        {
          "x": 656,
          "y": 171
        },
        {
          "x": 617,
          "y": 151
        },
        {
          "x": 552,
          "y": 125
        }
      ],
      "minX": 99,
      "minY": 100,
      "maxX": 100,
      "maxY": 101,
      "centerCoordinates": {
        "x": 99,
        "y": 100
      },
      "adjacentCountriesIDs": [
        26,
        28,
        33,
        36,
        34,
        35
      ],
      "army": 0
    },
    {
      "name": "India",
      "vertices": [
        {
          "x": 521,
          "y": 134
        },
        {
          "x": 551,
          "y": 128
        },
        {
          "x": 564,
          "y": 147
        },
        {
          "x": 606,
          "y": 158
        },
        {
          "x": 604,
          "y": 169
        },
        {
          "x": 573,
          "y": 215
        },
        {
          "x": 528,
          "y": 162
        }
      ],
      "minX": 99,
      "minY": 100,
      "maxX": 100,
      "maxY": 101,
      "centerCoordinates": {
        "x": 99,
        "y": 100
      },
      "adjacentCountriesIDs": [
        26,
        27,
        32,
        34
      ],
      "army": 0
    },
    {
      "name": "Irkutsk",
      "vertices": [
        {
          "x": 600,
          "y": 64
        },
        {
          "x": 608,
          "y": 65
        },
        {
          "x": 621,
          "y": 64
        },
        {
          "x": 638,
          "y": 73
        },
        {
          "x": 663,
          "y": 75
        },
        {
          "x": 673,
          "y": 90
        },
        {
          "x": 666,
          "y": 90
        },
        {
          "x": 656,
          "y": 81
        },
        {
          "x": 650,
          "y": 79
        },
        {
          "x": 643,
          "y": 80
        },
        {
          "x": 643,
          "y": 89
        },
        {
          "x": 609,
          "y": 87
        },
        {
          "x": 597,
          "y": 83
        },
        {
          "x": 591,
          "y": 87
        },
        {
          "x": 579,
          "y": 86
        }
      ],
      "minX": 99,
      "minY": 100,
      "maxX": 100,
      "maxY": 101,
      "centerCoordinates": {
        "x": 99,
        "y": 100
      },
      "adjacentCountriesIDs": [
        31,
        33,
        35,
        37
      ],
      "army": 0
    },
    {
      "name": "Japan",
      "vertices": [
        {
          "x": 695,
          "y": 141
        },
        {
          "x": 710,
          "y": 103
        },
        {
          "x": 722,
          "y": 105
        },
        {
          "x": 726,
          "y": 128
        },
        {
          "x": 702,
          "y": 145
        }
      ],
      "minX": 99,
      "minY": 100,
      "maxX": 100,
      "maxY": 101,
      "centerCoordinates": {
        "x": 99,
        "y": 100
      },
      "adjacentCountriesIDs": [
        31,
        33
      ],
      "army": 0
    },
    {
      "name": "Kamchatka",
      "vertices": [
        {
          "x": 759,
          "y": 44
        },
        {
          "x": 731,
          "y": 85
        },
        {
          "x": 708,
          "y": 62
        },
        {
          "x": 677,
          "y": 69
        },
        {
          "x": 702,
          "y": 96
        },
        {
          "x": 690,
          "y": 109
        },
        {
          "x": 689,
          "y": 94
        },
        {
          "x": 680,
          "y": 93
        },
        {
          "x": 673,
          "y": 85
        },
        {
          "x": 674,
          "y": 79
        },
        {
          "x": 668,
          "y": 78
        },
        {
          "x": 660,
          "y": 68
        }
      ],
      "minX": 99,
      "minY": 100,
      "maxX": 100,
      "maxY": 101,
      "centerCoordinates": {
        "x": 99,
        "y": 100
      },
      "adjacentCountriesIDs": [
        29,
        30,
        33,
        37,
        0
      ],
      "army": 0
    },
    {
      "name": "Middle East",
      "vertices": [
        {
          "x": 430,
          "y": 120
        },
        {
          "x": 445,
          "y": 114
        },
        {
          "x": 467,
          "y": 117
        },
        {
          "x": 496,
          "y": 131
        },
        {
          "x": 507,
          "y": 126
        },
        {
          "x": 516,
          "y": 128
        },
        {
          "x": 526,
          "y": 161
        },
        {
          "x": 512,
          "y": 185
        },
        {
          "x": 480,
          "y": 199
        },
        {
          "x": 453,
          "y": 145
        },
        {
          "x": 453,
          "y": 131
        }
      ],
      "minX": 99,
      "minY": 100,
      "maxX": 100,
      "maxY": 101,
      "centerCoordinates": {
        "x": 99,
        "y": 100
      },
      "adjacentCountriesIDs": [
        26,
        28,
        17,
        18,
        21,
        22
      ],
      "army": 0
    },
    {
      "name": "Mongolia",
      "vertices": [
        {
          "x": 576,
          "y": 91
        },
        {
          "x": 646,
          "y": 91
        },
        {
          "x": 644,
          "y": 79
        },
        {
          "x": 654,
          "y": 82
        },
        {
          "x": 664,
          "y": 90
        },
        {
          "x": 685,
          "y": 97
        },
        {
          "x": 680,
          "y": 120
        },
        {
          "x": 652,
          "y": 109
        },
        {
          "x": 643,
          "y": 111
        },
        {
          "x": 634,
          "y": 119
        },
        {
          "x": 619,
          "y": 117
        }
      ],
      "minX": 99,
      "minY": 100,
      "maxX": 100,
      "maxY": 101,
      "centerCoordinates": {
        "x": 99,
        "y": 100
      },
      "adjacentCountriesIDs": [
        27,
        29,
        30,
        31,
        35
      ],
      "army": 0
    },
    {
      "name": "Siam",
      "vertices": [
        {
          "x": 620,
          "y": 157
        },
        {
          "x": 621,
          "y": 165
        },
        {
          "x": 629,
          "y": 174
        },
        {
          "x": 645,
          "y": 172
        },
        {
          "x": 657,
          "y": 197
        },
        {
          "x": 648,
          "y": 209
        },
        {
          "x": 625,
          "y": 196
        },
        {
          "x": 608,
          "y": 175
        }
      ],
      "minX": 99,
      "minY": 100,
      "maxX": 100,
      "maxY": 101,
      "centerCoordinates": {
        "x": 99,
        "y": 100
      },
      "adjacentCountriesIDs": [
        27,
        28,
        39
      ],
      "army": 0
    },
    {
      "name": "Siberia",
      "vertices": [
        {
          "x": 521,
          "y": 28
        },
        {
          "x": 552,
          "y": 19
        },
        {
          "x": 571,
          "y": 20
        },
        {
          "x": 593,
          "y": 61
        },
        {
          "x": 568,
          "y": 90
        },
        {
          "x": 563,
          "y": 64
        }
      ],
      "minX": 99,
      "minY": 100,
      "maxX": 100,
      "maxY": 101,
      "centerCoordinates": {
        "x": 99,
        "y": 100
      },
      "adjacentCountriesIDs": [
        29,
        27,
        33,
        36,
        37
      ],
      "army": 0
    },
    {
      "name": "Ural",
      "vertices": [
        {
          "x": 521,
          "y": 31
        },
        {
          "x": 519,
          "y": 30
        },
        {
          "x": 556,
          "y": 68
        },
        {
          "x": 563,
          "y": 94
        },
        {
          "x": 540,
          "y": 78
        },
        {
          "x": 521,
          "y": 73
        },
        {
          "x": 504,
          "y": 79
        },
        {
          "x": 491,
          "y": 51
        },
        {
          "x": 500,
          "y": 29
        }
      ],
      "minX": 99,
      "minY": 100,
      "maxX": 100,
      "maxY": 101,
      "centerCoordinates": {
        "x": 99,
        "y": 100
      },
      "adjacentCountriesIDs": [
        26,
        27,
        35,
        18
      ],
      "army": 0
    },
    {
      "name": "Yakutsk",
      "vertices": [
        {
          "x": 582,
          "y": 27
        },
        {
          "x": 686,
          "y": 36
        },
        {
          "x": 650,
          "y": 69
        },
        {
          "x": 582,
          "y": 40
        }
      ],
      "minX": 99,
      "minY": 100,
      "maxX": 100,
      "maxY": 101,
      "centerCoordinates": {
        "x": 99,
        "y": 100
      },
      "adjacentCountriesIDs": [
        29,
        31,
        35
      ],
      "army": 0
    },
    {
      "name": "Eastern Australia",
      "vertices": [
        {
          "x": 728,
          "y": 272
        },
        {
          "x": 726,
          "y": 284
        },
        {
          "x": 738,
          "y": 289
        },
        {
          "x": 747,
          "y": 271
        },
        {
          "x": 766,
          "y": 315
        },
        {
          "x": 721,
          "y": 349
        },
        {
          "x": 731,
          "y": 314
        },
        {
          "x": 701,
          "y": 310
        },
        {
          "x": 707,
          "y": 282
        }
      ],
      "minX": 99,
      "minY": 100,
      "maxX": 100,
      "maxY": 101,
      "centerCoordinates": {
        "x": 99,
        "y": 100
      },
      "adjacentCountriesIDs": [
        39,
        40,
        41
      ],
      "army": 0
    },
    {
      "name": "Indonesia",
      "vertices": [
        {
          "x": 685,
          "y": 179
        },
        {
          "x": 709,
          "y": 216
        },
        {
          "x": 694,
          "y": 250
        },
        {
          "x": 705,
          "y": 262
        },
        {
          "x": 693,
          "y": 268
        },
        {
          "x": 650,
          "y": 265
        },
        {
          "x": 616,
          "y": 220
        },
        {
          "x": 624,
          "y": 215
        },
        {
          "x": 644,
          "y": 235
        },
        {
          "x": 658,
          "y": 228
        }
      ],
      "minX": 99,
      "minY": 100,
      "maxX": 100,
      "maxY": 101,
      "centerCoordinates": {
        "x": 99,
        "y": 100
      },
      "adjacentCountriesIDs": [
        38,
        40,
        41,
        34
      ],
      "army": 0
    },
    {
      "name": "New Guinea",
      "vertices": [
        {
          "x": 707,
          "y": 227
        },
        {
          "x": 760,
          "y": 249
        },
        {
          "x": 732,
          "y": 263
        },
        {
          "x": 711,
          "y": 245
        },
        {
          "x": 719,
          "y": 229
        }
      ],
      "minX": 99,
      "minY": 100,
      "maxX": 100,
      "maxY": 101,
      "centerCoordinates": {
        "x": 99,
        "y": 100
      },
      "adjacentCountriesIDs": [
        39,
        38,
        41
      ],
      "army": 0
    },
    {
      "name": "Western Australia",
      "vertices": [
        {
          "x": 662,
          "y": 304
        },
        {
          "x": 706,
          "y": 279
        },
        {
          "x": 698,
          "y": 312
        },
        {
          "x": 729,
          "y": 316
        }
      ],
      "minX": 99,
      "minY": 100,
      "maxX": 100,
      "maxY": 101,
      "centerCoordinates": {
        "x": 99,
        "y": 100
      },
      "adjacentCountriesIDs": [
        38,
        40,
        39
      ],
      "army": 0
    }
  ],
  "continents": [
    {
      "name": "North America",
      "countryList": [
        {
          "name": "Alaska",
          "vertices": [
            {
              "x": 99,
              "y": 100
            },
            {
              "x": 100,
              "y": 101
            }
          ],
          "minX": 99,
          "minY": 100,
          "maxX": 100,
          "maxY": 101,
          "centerCoordinates": {
            "x": 99,
            "y": 100
          },
          "adjacentCountriesIDs": [
            1,
            5,
            31
          ],
          "army": 0
        },
        {
          "name": "Alberta",
          "vertices": [
            {
              "x": 99,
              "y": 100
            },
            {
              "x": 100,
              "y": 101
            }
          ],
          "minX": 99,
          "minY": 100,
          "maxX": 100,
          "maxY": 101,
          "centerCoordinates": {
            "x": 99,
            "y": 100
          },
          "adjacentCountriesIDs": [
            0,
            5,
            6,
            8
          ],
          "army": 0
        },
        {
          "name": "Central America",
          "vertices": [
            {
              "x": 99,
              "y": 100
            },
            {
              "x": 100,
              "y": 101
            }
          ],
          "minX": 99,
          "minY": 100,
          "maxX": 100,
          "maxY": 101,
          "centerCoordinates": {
            "x": 99,
            "y": 100
          },
          "adjacentCountriesIDs": [
            8,
            12,
            3
          ],
          "army": 0
        },
        {
          "name": "Eastern United States",
          "vertices": [
            {
              "x": 99,
              "y": 100
            },
            {
              "x": 100,
              "y": 101
            }
          ],
          "minX": 99,
          "minY": 100,
          "maxX": 100,
          "maxY": 101,
          "centerCoordinates": {
            "x": 99,
            "y": 100
          },
          "adjacentCountriesIDs": [
            8,
            6,
            7,
            2
          ],
          "army": 0
        },
        {
          "name": "Greenland",
          "vertices": [
            {
              "x": 99,
              "y": 100
            },
            {
              "x": 100,
              "y": 101
            }
          ],
          "minX": 99,
          "minY": 100,
          "maxX": 100,
          "maxY": 101,
          "centerCoordinates": {
            "x": 99,
            "y": 100
          },
          "adjacentCountriesIDs": [
            5,
            6,
            7,
            14
          ],
          "army": 0
        },
        {
          "name": "Northwest Territory",
          "vertices": [
            {
              "x": 99,
              "y": 100
            },
            {
              "x": 100,
              "y": 101
            }
          ],
          "minX": 99,
          "minY": 100,
          "maxX": 100,
          "maxY": 101,
          "centerCoordinates": {
            "x": 99,
            "y": 100
          },
          "adjacentCountriesIDs": [
            0,
            4,
            6,
            1
          ],
          "army": 0
        },
        {
          "name": "Ontario",
          "vertices": [
            {
              "x": 99,
              "y": 100
            },
            {
              "x": 100,
              "y": 101
            }
          ],
          "minX": 99,
          "minY": 100,
          "maxX": 100,
          "maxY": 101,
          "centerCoordinates": {
            "x": 99,
            "y": 100
          },
          "adjacentCountriesIDs": [
            5,
            4,
            7,
            3,
            8,
            1
          ],
          "army": 0
        },
        {
          "name": "Quebec",
          "vertices": [
            {
              "x": 99,
              "y": 100
            },
            {
              "x": 100,
              "y": 101
            }
          ],
          "minX": 99,
          "minY": 100,
          "maxX": 100,
          "maxY": 101,
          "centerCoordinates": {
            "x": 99,
            "y": 100
          },
          "adjacentCountriesIDs": [
            6,
            4,
            3
          ],
          "army": 0
        },
        {
          "name": "Western United States",
          "vertices": [
            {
              "x": 99,
              "y": 100
            },
            {
              "x": 100,
              "y": 101
            }
          ],
          "minX": 99,
          "minY": 100,
          "maxX": 100,
          "maxY": 101,
          "centerCoordinates": {
            "x": 99,
            "y": 100
          },
          "adjacentCountriesIDs": [
            1,
            6,
            3,
            2
          ],
          "army": 0
        }
      ],
      "bonusArmyValue": 10
    },
    {
      "name": "South America",
      "countryList": [
        {
          "name": "Argentina",
          "vertices": [
            {
              "x": 99,
              "y": 100
            },
            {
              "x": 100,
              "y": 101
            }
          ],
          "minX": 99,
          "minY": 100,
          "maxX": 100,
          "maxY": 101,
          "centerCoordinates": {
            "x": 99,
            "y": 100
          },
          "adjacentCountriesIDs": [
            12,
            10,
            11
          ],
          "army": 0
        },
        {
          "name": "Brazil",
          "vertices": [
            {
              "x": 99,
              "y": 100
            },
            {
              "x": 100,
              "y": 101
            }
          ],
          "minX": 99,
          "minY": 100,
          "maxX": 100,
          "maxY": 101,
          "centerCoordinates": {
            "x": 99,
            "y": 100
          },
          "adjacentCountriesIDs": [
            12,
            24,
            9,
            11
          ],
          "army": 0
        },
        {
          "name": "Peru",
          "vertices": [
            {
              "x": 99,
              "y": 100
            },
            {
              "x": 100,
              "y": 101
            }
          ],
          "minX": 99,
          "minY": 100,
          "maxX": 100,
          "maxY": 101,
          "centerCoordinates": {
            "x": 99,
            "y": 100
          },
          "adjacentCountriesIDs": [
            12,
            9,
            10
          ],
          "army": 0
        },
        {
          "name": "Venezuela",
          "vertices": [
            {
              "x": 99,
              "y": 100
            },
            {
              "x": 100,
              "y": 101
            }
          ],
          "minX": 99,
          "minY": 100,
          "maxX": 100,
          "maxY": 101,
          "centerCoordinates": {
            "x": 99,
            "y": 100
          },
          "adjacentCountriesIDs": [
            2,
            11,
            10
          ],
          "army": 0
        }
      ],
      "bonusArmyValue": 15
    },
    {
      "name": "Europe",
      "countryList": [
        {
          "name": "Great Britain",
          "vertices": [
            {
              "x": 99,
              "y": 100
            },
            {
              "x": 100,
              "y": 101
            }
          ],
          "minX": 99,
          "minY": 100,
          "maxX": 100,
          "maxY": 101,
          "centerCoordinates": {
            "x": 99,
            "y": 100
          },
          "adjacentCountriesIDs": [
            14,
            16,
            15,
            19
          ],
          "army": 0
        },
        {
          "name": "Iceland",
          "vertices": [
            {
              "x": 99,
              "y": 100
            },
            {
              "x": 100,
              "y": 101
            }
          ],
          "minX": 99,
          "minY": 100,
          "maxX": 100,
          "maxY": 101,
          "centerCoordinates": {
            "x": 99,
            "y": 100
          },
          "adjacentCountriesIDs": [
            4,
            13,
            16
          ],
          "army": 0
        },
        {
          "name": "Northern Europe",
          "vertices": [
            {
              "x": 99,
              "y": 100
            },
            {
              "x": 100,
              "y": 101
            }
          ],
          "minX": 99,
          "minY": 100,
          "maxX": 100,
          "maxY": 101,
          "centerCoordinates": {
            "x": 99,
            "y": 100
          },
          "adjacentCountriesIDs": [
            13,
            16,
            17,
            18,
            19
          ],
          "army": 0
        },
        {
          "name": "Scandinavia",
          "vertices": [
            {
              "x": 99,
              "y": 100
            },
            {
              "x": 100,
              "y": 101
            }
          ],
          "minX": 99,
          "minY": 100,
          "maxX": 100,
          "maxY": 101,
          "centerCoordinates": {
            "x": 99,
            "y": 100
          },
          "adjacentCountriesIDs": [
            13,
            14,
            15,
            18
          ],
          "army": 0
        },
        {
          "name": "Southern Europe",
          "vertices": [
            {
              "x": 99,
              "y": 100
            },
            {
              "x": 100,
              "y": 101
            }
          ],
          "minX": 99,
          "minY": 100,
          "maxX": 100,
          "maxY": 101,
          "centerCoordinates": {
            "x": 99,
            "y": 100
          },
          "adjacentCountriesIDs": [
            15,
            18,
            19,
            32,
            22,
            24
          ],
          "army": 0
        },
        {
          "name": "Ukraine",
          "vertices": [
            {
              "x": 99,
              "y": 100
            },
            {
              "x": 100,
              "y": 101
            }
          ],
          "minX": 99,
          "minY": 100,
          "maxX": 100,
          "maxY": 101,
          "centerCoordinates": {
            "x": 99,
            "y": 100
          },
          "adjacentCountriesIDs": [
            15,
            16,
            17,
            26,
            36,
            32
          ],
          "army": 0
        },
        {
          "name": "Western Europe",
          "vertices": [
            {
              "x": 99,
              "y": 100
            },
            {
              "x": 100,
              "y": 101
            }
          ],
          "minX": 99,
          "minY": 100,
          "maxX": 100,
          "maxY": 101,
          "centerCoordinates": {
            "x": 99,
            "y": 100
          },
          "adjacentCountriesIDs": [
            13,
            15,
            17,
            24
          ],
          "army": 0
        }
      ],
      "bonusArmyValue": 9
    },
    {
      "name": "Africa",
      "countryList": [
        {
          "name": "Congo",
          "vertices": [
            {
              "x": 99,
              "y": 100
            },
            {
              "x": 100,
              "y": 101
            }
          ],
          "minX": 99,
          "minY": 100,
          "maxX": 100,
          "maxY": 101,
          "centerCoordinates": {
            "x": 99,
            "y": 100
          },
          "adjacentCountriesIDs": [
            21,
            24,
            25
          ],
          "army": 0
        },
        {
          "name": "East Africa",
          "vertices": [
            {
              "x": 99,
              "y": 100
            },
            {
              "x": 100,
              "y": 101
            }
          ],
          "minX": 99,
          "minY": 100,
          "maxX": 100,
          "maxY": 101,
          "centerCoordinates": {
            "x": 99,
            "y": 100
          },
          "adjacentCountriesIDs": [
            20,
            22,
            23,
            24,
            25,
            32
          ],
          "army": 0
        },
        {
          "name": "Egypt",
          "vertices": [
            {
              "x": 99,
              "y": 100
            },
            {
              "x": 100,
              "y": 101
            }
          ],
          "minX": 99,
          "minY": 100,
          "maxX": 100,
          "maxY": 101,
          "centerCoordinates": {
            "x": 99,
            "y": 100
          },
          "adjacentCountriesIDs": [
            21,
            24,
            17,
            32
          ],
          "army": 0
        },
        {
          "name": "Madagascar",
          "vertices": [
            {
              "x": 99,
              "y": 100
            },
            {
              "x": 100,
              "y": 101
            }
          ],
          "minX": 99,
          "minY": 100,
          "maxX": 100,
          "maxY": 101,
          "centerCoordinates": {
            "x": 99,
            "y": 100
          },
          "adjacentCountriesIDs": [
            21,
            25
          ],
          "army": 0
        },
        {
          "name": "North Africa",
          "vertices": [
            {
              "x": 99,
              "y": 100
            },
            {
              "x": 100,
              "y": 101
            }
          ],
          "minX": 99,
          "minY": 100,
          "maxX": 100,
          "maxY": 101,
          "centerCoordinates": {
            "x": 99,
            "y": 100
          },
          "adjacentCountriesIDs": [
            20,
            21,
            22,
            17,
            19,
            10
          ],
          "army": 0
        },
        {
          "name": "South Africa",
          "vertices": [
            {
              "x": 99,
              "y": 100
            },
            {
              "x": 100,
              "y": 101
            }
          ],
          "minX": 99,
          "minY": 100,
          "maxX": 100,
          "maxY": 101,
          "centerCoordinates": {
            "x": 99,
            "y": 100
          },
          "adjacentCountriesIDs": [
            20,
            21,
            23
          ],
          "army": 0
        }
      ],
      "bonusArmyValue": 20
    },
    {
      "name": "Asia",
      "countryList": [
        {
          "name": "Afghanistan",
          "vertices": [
            {
              "x": 99,
              "y": 100
            },
            {
              "x": 100,
              "y": 101
            }
          ],
          "minX": 99,
          "minY": 100,
          "maxX": 100,
          "maxY": 101,
          "centerCoordinates": {
            "x": 99,
            "y": 100
          },
          "adjacentCountriesIDs": [
            27,
            28,
            32,
            36,
            18
          ],
          "army": 0
        },
        {
          "name": "China",
          "vertices": [
            {
              "x": 99,
              "y": 100
            },
            {
              "x": 100,
              "y": 101
            }
          ],
          "minX": 99,
          "minY": 100,
          "maxX": 100,
          "maxY": 101,
          "centerCoordinates": {
            "x": 99,
            "y": 100
          },
          "adjacentCountriesIDs": [
            26,
            28,
            33,
            36,
            34,
            35
          ],
          "army": 0
        },
        {
          "name": "India",
          "vertices": [
            {
              "x": 99,
              "y": 100
            },
            {
              "x": 100,
              "y": 101
            }
          ],
          "minX": 99,
          "minY": 100,
          "maxX": 100,
          "maxY": 101,
          "centerCoordinates": {
            "x": 99,
            "y": 100
          },
          "adjacentCountriesIDs": [
            26,
            27,
            32,
            34
          ],
          "army": 0
        },
        {
          "name": "Irkutsk",
          "vertices": [
            {
              "x": 99,
              "y": 100
            },
            {
              "x": 100,
              "y": 101
            }
          ],
          "minX": 99,
          "minY": 100,
          "maxX": 100,
          "maxY": 101,
          "centerCoordinates": {
            "x": 99,
            "y": 100
          },
          "adjacentCountriesIDs": [
            31,
            33,
            35,
            37
          ],
          "army": 0
        },
        {
          "name": "Japan",
          "vertices": [
            {
              "x": 99,
              "y": 100
            },
            {
              "x": 100,
              "y": 101
            }
          ],
          "minX": 99,
          "minY": 100,
          "maxX": 100,
          "maxY": 101,
          "centerCoordinates": {
            "x": 99,
            "y": 100
          },
          "adjacentCountriesIDs": [
            31,
            33
          ],
          "army": 0
        },
        {
          "name": "Kamchatka",
          "vertices": [
            {
              "x": 99,
              "y": 100
            },
            {
              "x": 100,
              "y": 101
            }
          ],
          "minX": 99,
          "minY": 100,
          "maxX": 100,
          "maxY": 101,
          "centerCoordinates": {
            "x": 99,
            "y": 100
          },
          "adjacentCountriesIDs": [
            29,
            30,
            33,
            37,
            0
          ],
          "army": 0
        },
        {
          "name": "Middle East",
          "vertices": [
            {
              "x": 99,
              "y": 100
            },
            {
              "x": 100,
              "y": 101
            }
          ],
          "minX": 99,
          "minY": 100,
          "maxX": 100,
          "maxY": 101,
          "centerCoordinates": {
            "x": 99,
            "y": 100
          },
          "adjacentCountriesIDs": [
            26,
            28,
            17,
            18,
            21,
            22
          ],
          "army": 0
        },
        {
          "name": "Mongolia",
          "vertices": [
            {
              "x": 99,
              "y": 100
            },
            {
              "x": 100,
              "y": 101
            }
          ],
          "minX": 99,
          "minY": 100,
          "maxX": 100,
          "maxY": 101,
          "centerCoordinates": {
            "x": 99,
            "y": 100
          },
          "adjacentCountriesIDs": [
            27,
            29,
            30,
            31,
            35
          ],
          "army": 0
        },
        {
          "name": "Siam",
          "vertices": [
            {
              "x": 99,
              "y": 100
            },
            {
              "x": 100,
              "y": 101
            }
          ],
          "minX": 99,
          "minY": 100,
          "maxX": 100,
          "maxY": 101,
          "centerCoordinates": {
            "x": 99,
            "y": 100
          },
          "adjacentCountriesIDs": [
            27,
            28,
            39
          ],
          "army": 0
        },
        {
          "name": "Siberia",
          "vertices": [
            {
              "x": 99,
              "y": 100
            },
            {
              "x": 100,
              "y": 101
            }
          ],
          "minX": 99,
          "minY": 100,
          "maxX": 100,
          "maxY": 101,
          "centerCoordinates": {
            "x": 99,
            "y": 100
          },
          "adjacentCountriesIDs": [
            29,
            27,
            33,
            36,
            37
          ],
          "army": 0
        },
        {
          "name": "Ural",
          "vertices": [
            {
              "x": 99,
              "y": 100
            },
            {
              "x": 100,
              "y": 101
            }
          ],
          "minX": 99,
          "minY": 100,
          "maxX": 100,
          "maxY": 101,
          "centerCoordinates": {
            "x": 99,
            "y": 100
          },
          "adjacentCountriesIDs": [
            26,
            27,
            35,
            18
          ],
          "army": 0
        },
        {
          "name": "Yakutsk",
          "vertices": [
            {
              "x": 99,
              "y": 100
            },
            {
              "x": 100,
              "y": 101
            }
          ],
          "minX": 99,
          "minY": 100,
          "maxX": 100,
          "maxY": 101,
          "centerCoordinates": {
            "x": 99,
            "y": 100
          },
          "adjacentCountriesIDs": [
            29,
            31,
            35
          ],
          "army": 0
        }
      ],
      "bonusArmyValue": 20
    },
    {
      "name": "Australia",
      "countryList": [
        {
          "name": "Eastern Australia",
          "vertices": [
            {
              "x": 99,
              "y": 100
            },
            {
              "x": 100,
              "y": 101
            }
          ],
          "minX": 99,
          "minY": 100,
          "maxX": 100,
          "maxY": 101,
          "centerCoordinates": {
            "x": 99,
            "y": 100
          },
          "adjacentCountriesIDs": [
            39,
            40,
            41
          ],
          "army": 0
        },
        {
          "name": "Indonesia",
          "vertices": [
            {
              "x": 99,
              "y": 100
            },
            {
              "x": 100,
              "y": 101
            }
          ],
          "minX": 99,
          "minY": 100,
          "maxX": 100,
          "maxY": 101,
          "centerCoordinates": {
            "x": 99,
            "y": 100
          },
          "adjacentCountriesIDs": [
            38,
            40,
            41,
            34
          ],
          "army": 0
        },
        {
          "name": "New Guinea",
          "vertices": [
            {
              "x": 99,
              "y": 100
            },
            {
              "x": 100,
              "y": 101
            }
          ],
          "minX": 99,
          "minY": 100,
          "maxX": 100,
          "maxY": 101,
          "centerCoordinates": {
            "x": 99,
            "y": 100
          },
          "adjacentCountriesIDs": [
            39,
            38,
            41
          ],
          "army": 0
        },
        {
          "name": "Western Australia",
          "vertices": [
            {
              "x": 99,
              "y": 100
            },
            {
              "x": 100,
              "y": 101
            }
          ],
          "minX": 99,
          "minY": 100,
          "maxX": 100,
          "maxY": 101,
          "centerCoordinates": {
            "x": 99,
            "y": 100
          },
          "adjacentCountriesIDs": [
            38,
            40,
            39
          ],
          "army": 0
        }
      ],
      "bonusArmyValue": 10
    }
  ]
}
